StartDate,EndDate,Status,IPAddress,Progress,Duration (in seconds),Finished,RecordedDate,ResponseId,RecipientLastName,RecipientFirstName,RecipientEmail,ExternalReference,LocationLatitude,LocationLongitude,DistributionChannel,UserLanguage,Q29,Q3,Q4,Q5,Q5_6_TEXT,Q6,Q6_6_TEXT,Q7,Q9,Q10,Q11,Q12,Q13,Q14,Q15,Q16,Q28,Q24_Browser,Q24_Version,Q24_Operating System,Q24_Resolution,Q26_First Click,Q26_Last Click,Q26_Page Submit,Q26_Click Count
Start Date,End Date,Response Type,IP Address,Progress,Duration (in seconds),Finished,Recorded Date,Response ID,Recipient Last Name,Recipient First Name,Recipient Email,External Data Reference,Location Latitude,Location Longitude,Distribution Channel,User Language,Collection Location,Recorded by,Vessel Number,Shape - Selected Choice,Shape - Other - Text,Style - Selected Choice,Style - Other - Text,Additional comments on vessel shape or style,Diameter - Orifice (cm),Diameter - Base (cm),Diameter - Bottom of Neck (cm),Diameter - Widest Point (Belly) (cm),Vessel Height (cm),Wall Thickness of Rim (cm),Has this vessel been photographed?,Has this vessel been scanned?,Do you want to keep this entry?,Browser Meta Info - Browser,Browser Meta Info - Version,Browser Meta Info - Operating System,Browser Meta Info - Resolution,Timing - First Click,Timing - Last Click,Timing - Page Submit,Timing - Click Count
"{""ImportId"":""startDate"",""timeZone"":""America/Chicago""}","{""ImportId"":""endDate"",""timeZone"":""America/Chicago""}","{""ImportId"":""status""}","{""ImportId"":""ipAddress""}","{""ImportId"":""progress""}","{""ImportId"":""duration""}","{""ImportId"":""finished""}","{""ImportId"":""recordedDate"",""timeZone"":""America/Chicago""}","{""ImportId"":""_recordId""}","{""ImportId"":""recipientLastName""}","{""ImportId"":""recipientFirstName""}","{""ImportId"":""recipientEmail""}","{""ImportId"":""externalDataReference""}","{""ImportId"":""locationLatitude""}","{""ImportId"":""locationLongitude""}","{""ImportId"":""distributionChannel""}","{""ImportId"":""userLanguage""}","{""ImportId"":""QID29""}","{""ImportId"":""QID3_TEXT""}","{""ImportId"":""QID4_TEXT""}","{""ImportId"":""QID5""}","{""ImportId"":""QID5_6_TEXT""}","{""ImportId"":""QID6""}","{""ImportId"":""QID6_6_TEXT""}","{""ImportId"":""QID7_TEXT""}","{""ImportId"":""QID9_TEXT""}","{""ImportId"":""QID10_TEXT""}","{""ImportId"":""QID11_TEXT""}","{""ImportId"":""QID12_TEXT""}","{""ImportId"":""QID13_TEXT""}","{""ImportId"":""QID14_TEXT""}","{""ImportId"":""QID15""}","{""ImportId"":""QID16""}","{""ImportId"":""QID28""}","{""ImportId"":""QID24_BROWSER""}","{""ImportId"":""QID24_VERSION""}","{""ImportId"":""QID24_OS""}","{""ImportId"":""QID24_RESOLUTION""}","{""ImportId"":""QID26_FIRST_CLICK""}","{""ImportId"":""QID26_LAST_CLICK""}","{""ImportId"":""QID26_PAGE_SUBMIT""}","{""ImportId"":""QID26_CLICK_COUNT""}"
2019-03-05 17:55:38,2019-03-05 17:59:34,0,24.227.222.19,100,235,1,2019-03-05 17:59:35,R_2ZK1gT4hQ8WjcSg,,,,,30.2303924560546875,-97.72429656982421875,anonymous,EN,4,NP,1608-36,1,,"1,7",,Neck jar with hooked appendage and raised dot motif on the entire vessel including appendage; resembles a squash,5.99,3.0,5.16,16.4,18.5,.70,1,1,1,Safari,12.0.2,Macintosh,1440x900,3.238,112.173,127.729,6
2019-03-05 17:59:38,2019-03-05 18:02:54,0,24.227.222.19,100,196,1,2019-03-05 18:02:55,R_xAb4DURI26PkKT7,,,,,30.2303924560546875,-97.72429656982421875,anonymous,EN,4,NP,2058-31,3,,"2,7",,Sttirup spout bottle with two peppers appended (one on each side) of main chamber stemming from the base of the neck. Does not appear to be black ware - reddish cream color. Traces of paint extremely faded on the main chamber,3.34,3.5,1.67,13.9,18.0,.90,1,1,1,Safari,12.0.2,Macintosh,1440x900,3.346,49.527,50.924,5
2019-03-05 18:03:03,2019-03-05 18:05:09,0,24.227.222.19,100,125,1,2019-03-05 18:05:09,R_3pstahBciufxpY6,,,,,30.2303924560546875,-97.72429656982421875,anonymous,EN,4,NP,1654-8,3,,"1,2,5",,"Stirrup spout bottle, main chamber is sculpted to be a baby seal",2.10,5.5,3.20,22.3,20.1,.26,1,1,1,Safari,12.0.2,Macintosh,1440x900,1.45,51.841,65.053,9
2019-03-05 18:05:16,2019-03-05 18:07:55,0,24.227.222.19,100,158,1,2019-03-05 18:07:55,R_2Ys8gyLZI5SySgd,,,,,30.2303924560546875,-97.72429656982421875,anonymous,EN,4,NP,2058-34,6,"Face Jar ","1,2,5",,"Protruding faces sculpted on both sides of the main chamber, pedestal base, traces of paint. The neck of the vessel is extremely stunted. ",3.47,4.5,4.38,13.5,19.4,.80,1,1,1,Safari,12.0.2,Macintosh,1440x900,1.327,28.303,44.596,9
2019-03-05 18:07:57,2019-03-05 18:10:28,0,24.227.222.19,100,150,1,2019-03-05 18:10:28,R_1GNfCMg9zyVQnK9,,,,,30.2303924560546875,-97.72429656982421875,anonymous,EN,4,NP,2058-33,6,Face Jar,"1,2",,"Sun face protruding on both front and back of main chamber with dot motif. Neck is extremely stunted, pedestal base. ",4.0,4.0,4.29,15.3,17.7,1.11,1,1,1,Safari,12.0.2,Macintosh,1440x900,2.478,34.923,46.496,9
2019-03-05 18:10:30,2019-03-05 18:12:43,0,24.227.222.19,100,132,1,2019-03-05 18:12:43,R_2bQoMQDVyMfmhWX,,,,,30.2303924560546875,-97.72429656982421875,anonymous,EN,4,NP,1608-130,6,,"1,2,5",,"Stacked gourd vessel with spout on far left gourd. Two ""handles"" appended with hole in the middle for carrying",1.96,3.0,2.22,19.0,16.6,.41,1,1,1,Safari,12.0.2,Macintosh,1440x900,0.952,31.371,42.3,10
2019-03-05 18:12:50,2019-03-05 18:15:24,0,24.227.222.19,100,153,1,2019-03-05 18:15:25,R_322Cx8GgrMYXIKT,,,,,30.2303924560546875,-97.72429656982421875,anonymous,EN,4,NP,1608-91,6,,"1,2,5",,Sculptural vessel of a human. Handle but no neck or spout. No opening to store liquid/food. Has dot motif on main chamber,n/a,4.0,n/a,14.3,17.0,n/a,1,1,1,Safari,12.0.2,Macintosh,1440x900,2.442,38.57,47.338,9
2019-03-05 18:15:31,2019-03-05 18:22:52,0,24.227.222.19,100,441,1,2019-03-05 18:22:53,R_1OV5WUFGjmDY8HS,,,,,30.2303924560546875,-97.72429656982421875,anonymous,EN,4,NP,1608-107,1,,"1,2,5",,"Neck jar with large orifice. Main chamber is sculpted as a frog. Wave motif circling the base of the neck. ",9.63,2.0,6.65,16.2,12.5,.63,1,1,1,Safari,12.0.2,Macintosh,1440x900,1.477,39.971,41.032,9
2019-03-05 18:22:58,2019-03-05 18:24:50,0,24.227.222.19,100,111,1,2019-03-05 18:24:50,R_RI7KCzBV5S3jLFv,,,,,30.2303924560546875,-97.72429656982421875,anonymous,EN,4,NP,1608-47,1,,"1,2,7",,"Neck jar with two heads appended to the main chamber. A third head forms the neck of the vessel, with ears on the side of the neck. Hole near bottom of the pot.",5.35,2.5,4.70,17.4,15.0,.46,1,1,1,Safari,12.0.2,Macintosh,1440x900,1.501,28.766,44.634,10
2019-03-05 18:24:58,2019-03-05 18:27:08,0,24.227.222.19,100,130,1,2019-03-05 18:27:08,R_3FXzsSFHz68swp5,,,,,30.2303924560546875,-97.72429656982421875,anonymous,EN,4,NP,1608-90,6,,"1,2",,Main chamber sculpted as animal covered in dot motif. The tail forms the spout with a handle connecting the head and tail,1.47,4.5,3.87,20.6,15.4,.35,1,1,1,Safari,12.0.2,Macintosh,1440x900,1.169,29.081,41.356,9
2019-03-05 18:27:17,2019-03-05 18:29:43,0,24.227.222.19,100,145,1,2019-03-05 18:29:43,R_3LcCd54plh6iqhU,,,,,30.2303924560546875,-97.72429656982421875,anonymous,EN,4,NP,1608-119,5,,"1,2",,Aryballos with animal (alligator?) on the front of the vessel. Other wise no other decorative elements,5.76,.50,3.57,20.9,20.3,.58,1,1,1,Safari,12.0.2,Macintosh,1440x900,1.377,40.812,41.96,9
2019-03-05 18:29:50,2019-03-05 18:32:54,0,24.227.222.19,100,184,1,2019-03-05 18:32:54,R_2bTvqTDyUFdLmzZ,,,,,30.2303924560546875,-97.72429656982421875,anonymous,EN,4,NP,1608-114,3,,"1,2",,"Small stirrup spout bottle, burnished. No decorative or sculptural elements.",2.10,3.0,1.80,10.7,14.7,.37,1,1,1,Safari,12.0.2,Macintosh,1440x900,1,71.825,133.131,9
2019-03-05 18:33:00,2019-03-05 18:34:42,0,24.227.222.19,100,102,1,2019-03-05 18:34:42,R_2ty6hDrROxmziOe,,,,,30.2303924560546875,-97.72429656982421875,anonymous,EN,4,NP,1654-9,5,,"1,2,7",,Aryballos with face sculpted as the neck. Small appendage on lip with hole in the middle.,6.89,.50,4.26,15.8,20.0,.67,1,1,1,Safari,12.0.2,Macintosh,1440x900,1.281,40.06,44.799,9
2019-03-05 18:34:53,2019-03-05 18:36:37,0,24.227.222.19,100,103,1,2019-03-05 18:36:37,R_br3MZAtOzgfYdi1,,,,,30.2303924560546875,-97.72429656982421875,anonymous,EN,4,NP,1608-96,5,,"1,2",,Aryballos with three human figures holding hands on the front of the vessel. Small square above the figures. Crack circling the base of the neck.,5.80,.50,3.79,20.0,20.2,.70,1,1,1,Safari,12.0.2,Macintosh,1440x900,3.537,30.069,37.771,9
2019-03-05 18:37:02,2019-03-05 18:43:41,0,24.227.222.19,100,399,1,2019-03-05 18:43:42,R_10UBrPwxs4XAoXT,,,,,30.2303924560546875,-97.72429656982421875,anonymous,EN,4,NP,1608-72,2,,"1,2",,Spout and handle jar shaped on its side into an animals head for the neck/orifice. Criss-cross line motif (turtle shell?). Hole on the back of the vessel and crack running across the main chamber,5.24,2.5,4.29,21.4,15.9,.63,1,1,1,Safari,12.0.2,Macintosh,1440x900,1.438,47.476,55.556,11
2019-03-05 18:43:48,2019-03-05 18:46:03,0,24.227.222.19,100,135,1,2019-03-05 18:46:03,R_1iquPar2UX1gbaZ,,,,,30.2303924560546875,-97.72429656982421875,anonymous,EN,4,NP,1608-111,2,,"1,2,7",,Spout and handle jar with three sculptural human figures appended to the neck and sides of the neck. No decorative elements on main chamber. Small hole in the main chamber,3.37,4.0,3.90,16.1,23.1,.42,1,1,1,Safari,12.0.2,Macintosh,1440x900,2.429,32.665,44.834,10
2019-03-05 18:46:10,2019-03-05 18:49:01,0,24.227.222.19,100,170,1,2019-03-05 18:49:02,R_3RmSPblCoojZm1D,,,,,30.2303924560546875,-97.72429656982421875,anonymous,EN,4,NP,1608-141,4,,"1,2",,Flask with monkey and dot motif decorating the front and back of the main chamber. Two appliqués near base of the neck with holes to allow string to pass through,3.39,3.5,3.04,16.7,19.3,.51,1,1,1,Safari,12.0.2,Macintosh,1440x900,0.972,41.194,43.334,10
2019-03-05 18:49:11,2019-03-05 18:51:39,0,24.227.222.19,100,147,1,2019-03-05 18:51:39,R_3e4wxQin79PykIw,,,,,30.2303924560546875,-97.72429656982421875,anonymous,EN,4,NP,X-49,5,,"1,2",,Aryballos with flattened bottom. Pelican and dot motif circles the main chamber.,6.34,3.5,3.81,16.5,17.1,1.1,1,1,1,Safari,12.0.2,Macintosh,1440x900,4.614,85.428,95.889,10
2019-03-05 18:51:45,2019-03-05 18:53:40,0,24.227.222.19,100,115,1,2019-03-05 18:53:41,R_2V2Uksj3fzvPFxY,,,,,30.2303924560546875,-97.72429656982421875,anonymous,EN,4,NP,154-2,1,,1,,Neck jar decorated as a gourd. Two holes near the base of the neck. Dot motif covering the entire vessel,4.52,1.5,3.75,19.7,19.8,.50,1,1,1,Safari,12.0.2,Macintosh,1440x900,1.143,28.982,47.634,9
2019-03-05 18:53:54,2019-03-05 19:33:24,0,24.227.222.19,100,2370,1,2019-03-05 19:33:24,R_1PbmPGFziQK5wqi,,,,,30.2303924560546875,-97.72429656982421875,anonymous,EN,4,NP,1608-59,1,,"1,2",,Neck jar with human/animal face sculpted on the main chamber,4.72,2.5,3.05,15.3,18.1,.90,1,1,1,Safari,12.0.2,Macintosh,1440x900,1.027,55.561,59.863,10
2019-03-05 19:53:06,2019-03-05 19:54:52,0,24.227.222.19,100,105,1,2019-03-05 19:54:52,R_szAni8H38zi3NPr,,,,,30.2303924560546875,-97.72429656982421875,anonymous,EN,4,NP,1608-97,3,,"1,2,5",,Stirrup spout bottle sculpted to represent four gourds as the main chamber. Holes in one of gourds and scratch marks,2.22,4.5,3.19,15.0,23.7,.50,1,1,1,Safari,12.0.2,Macintosh,1440x900,1.201,27.218,38.211,9
2019-03-05 19:55:00,2019-03-05 19:57:07,0,24.227.222.19,100,127,1,2019-03-05 19:57:08,R_2YfYwSkPF65kA2M,,,,,30.2303924560546875,-97.72429656982421875,anonymous,EN,4,NP,1247-3,3,,"4,1,2,7",,Stirrup spout bottle with monkey appliqué otherwise no other decorative elements. The top of the spout has been partially broken off.,2.57,3.5,3.60,13.1,22.8,.39,1,1,1,Safari,12.0.2,Macintosh,1440x900,1.229,40.274,42.338,9
2019-03-05 19:57:16,2019-03-05 20:00:18,0,24.227.222.19,100,182,1,2019-03-05 20:00:18,R_Od16S5GbyWqCyQh,,,,,30.2303924560546875,-97.72429656982421875,anonymous,EN,4,NP,1247-4,3,,"4,1,2,5,7",,Stirrup spout bottle shaped as a bean pod with monkey appliqué. Orifice of vessel more flared then other bottles. Rattle inside of the main chamber.,4.92,2.5,3.49,16.0,18.5,.70,1,1,1,Safari,12.0.2,Macintosh,1440x900,1.835,49.541,61.488,9
2019-03-05 20:00:21,2019-03-05 20:03:14,0,24.227.222.19,100,173,1,2019-03-05 20:03:15,R_2ffci51y289k9b1,,,,,30.2303924560546875,-97.72429656982421875,anonymous,EN,4,NP,1608-64,3,,"4,1,2",,Stirrup spout bottle with animal appliqué at the base of the spout. Decorated with human figures circling the main chamber and a dot motif,2.68,4.5,2.66,15.2,22.1,.42,1,1,1,Safari,12.0.2,Macintosh,1440x900,1.455,36.199,39.823,9
2019-03-05 20:03:20,2019-03-05 20:05:59,0,24.227.222.19,100,159,1,2019-03-05 20:06:00,R_2rYf00cNIHze8qk,,,,,30.2303924560546875,-97.72429656982421875,anonymous,EN,4,NP,1608-127,3,,"4,1,2,5,7",,Stirrup spout bottle; Gourd forms the main chamber. Animal face appliqué at the base of the spout,2.69,4.5,2.66,15.1,26.4,.28,1,1,1,Safari,12.0.2,Macintosh,1440x900,1.125,30.136,47.17,9
2019-03-05 20:06:13,2019-03-05 20:09:37,0,24.227.222.19,100,204,1,2019-03-05 20:09:37,R_siiWh37FYgLvZ3X,,,,,30.2303924560546875,-97.72429656982421875,anonymous,EN,4,Tiffany Abernathy,1608-41,3,,"4,1,2",,"Flat foot designs on belly. 3 appliqués ",2.5,3.5,2.9,15.6,22,.27,1,1,1,Safari,12.0.2,Macintosh,1440x900,2.752,23.989,32.895,9
2019-03-05 20:10:09,2019-03-05 20:13:04,0,24.227.222.19,100,175,1,2019-03-05 20:13:05,R_2UarRUWcigWLATV,,,,,30.2303924560546875,-97.72429656982421875,anonymous,EN,4,Arieonna Nettles,1608-61,3,,"4,1,2,7",,Appliqué of monkey on base of spout. No other decorative elements,2.63,2.5,3.35,13.9,24.3,.46,1,1,1,Safari,12.0.2,Macintosh,1440x900,1.77,27.273,38.64,9
2019-03-05 20:13:32,2019-03-05 20:16:01,0,24.227.222.19,100,149,1,2019-03-05 20:16:02,R_3g0CQLVegGOtqmM,,,,,30.2303924560546875,-97.72429656982421875,anonymous,EN,4,Maggie Lazanoshi,1608-87,3,,"4,1,2",,Black pot with a stirrup spout. Button like additions on either side and a small appliqué addition on the side of the spout. Hole on the underside of the belly,2.64,5.5,2.4,13.5,22.0,.35,1,1,1,Safari,12.0.2,Macintosh,1440x900,1.4,31.43,57.676,9
2019-03-05 20:16:14,2019-03-05 20:19:16,0,24.227.222.19,100,182,1,2019-03-05 20:19:16,R_pfsMSF3PxOZuD5L,,,,,30.2303924560546875,-97.72429656982421875,anonymous,EN,4,Colton McWhorton,1608-63,3,,"4,1,2,7",,Slight chip on orifice. Natural design on body. Upper belly not burnished due to designs (birds?),2.70,2.5,2.7,15.0,23.7,.30,1,1,1,Safari,12.0.2,Macintosh,1440x900,3.084,32.094,47.63,10
2019-03-05 20:19:25,2019-03-05 20:22:55,0,24.227.222.19,100,210,1,2019-03-05 20:22:55,R_5iDkRuDyEJJuCiJ,,,,,30.2303924560546875,-97.72429656982421875,anonymous,EN,4,Kashish Venaik,1608-138,3,,"4,1,2,7",,Black ware stirrup spout bottle which is burnished. Sculptural appendage of monkey (appliqué) on the neck is seen. A wavy patten circles the main chamber,2.28,3.5,2.49,15.8,23.9,.14,1,1,1,Safari,12.0.2,Macintosh,1440x900,0.749,39.338,56.434,9
2019-03-05 20:23:02,2019-03-05 20:26:15,0,24.227.222.19,100,193,1,2019-03-05 20:26:16,R_3GeIWEOwJdVvzN8,,,,,30.2303924560546875,-97.72429656982421875,anonymous,EN,4,NP,2399,3,,"4,1,7",,Stirrup spout bottle with two monkey figures on the main chamber - one on each side. A monkey appliqué has been appended to the base of the spout,2.96,2.5,3.73,16.5,25.8,.36,1,1,1,Safari,12.0.2,Macintosh,1440x900,1.046,32.415,33.878,9
2019-03-05 20:26:23,2019-03-05 21:27:41,0,24.227.222.19,100,3678,1,2019-03-05 21:27:41,R_3p5YJvhPxabjZxF,,,,,30.2303924560546875,-97.72429656982421875,anonymous,EN,4,NP,1608-42,3,,"4,1,2",,"Stirrup spout bottle with face on one side of the main chamber, the ears have been appended to the main chamber. One appliqué which has been broken off, still semi-visible",4.17,3.5,2.0,12.7,17.6,.80,1,1,1,Safari,12.0.2,Macintosh,1440x900,1.149,28.259,40.386,9
2019-03-05 21:27:54,2019-03-05 21:30:18,0,24.227.222.19,100,144,1,2019-03-05 21:30:18,R_3hbx2payM81Y85c,,,,,30.2303924560546875,-97.72429656982421875,anonymous,EN,4,NP,1608-56,3,,"4,1,2,7",,"Stirrup spout bottle with no decorative or sculptural elements on the main chamber. One sculptural appliqué of a bird at the base of the pout. Main chamber is more oval vertically than other stirrup spout bottles, possible gourd shape? ",2.71,3.5,2.56,12.3,20.4,.60,1,1,1,Safari,12.0.2,Macintosh,1440x900,0.851,39.163,40.202,9
2019-03-05 21:30:29,2019-03-05 21:32:52,0,24.227.222.19,100,143,1,2019-03-05 21:32:53,R_27WCSjqO1xxGfCV,,,,,30.2303924560546875,-97.72429656982421875,anonymous,EN,4,NP,1608-43,3,,"4,1,2,5",,Stirrup spout bottle sculpted as a fish. Appliqué at the base of the spout.,2.23,4.0,2.86,18.7,22.5,.32,1,1,1,Safari,12.0.2,Macintosh,1440x900,1.181,74.475,76.701,7
2019-03-05 21:33:03,2019-03-05 21:36:02,0,24.227.222.19,100,178,1,2019-03-05 21:36:03,R_1q9hhV3s0banr8O,,,,,30.2303924560546875,-97.72429656982421875,anonymous,EN,4,NP,PE 5-39A,3,,"4,1,2,5",,Stirrup spout bottle with an animal sculpted on the entire main chamber. One appliqué at the base of the spout,2.73,2.0,2.57,11.6,16.0,.53,1,1,1,Safari,12.0.2,Macintosh,1440x900,0.998,24.372,37.075,5
2019-03-05 21:36:11,2019-03-05 21:38:40,0,24.227.222.19,100,148,1,2019-03-05 21:38:40,R_3QKLO6C21Yl3zVe,,,,,30.2303924560546875,-97.72429656982421875,anonymous,EN,4,NP,1247-1,3,,"4,1,2,5,7",,Stirrup spout bottle; main chamber is one large sculpture of a shrimp. One appliqué at the base of the spout. Claws are appended to the main chamber,2.49,5.5,3.47,26.5,26.5,.37,1,1,1,Safari,12.0.2,Macintosh,1440x900,1.462,30.955,50.084,9
2019-03-05 21:38:49,2019-03-05 21:40:48,0,24.227.222.19,100,119,1,2019-03-05 21:40:49,R_VVTBKN2kKjKQibf,,,,,30.2303924560546875,-97.72429656982421875,anonymous,EN,4,NP,1608-105,3,,"4,1,2",,Stirrup spout bottle with geometric and animal motifs circling the main chamber of the vessel. One appliqué at the base of spout,2.14,3.0,2.44,11.4,19.1,.23,1,1,1,Safari,12.0.2,Macintosh,1440x900,1.414,26.35,35.336,9
2019-03-05 21:40:54,2019-03-05 21:43:18,0,24.227.222.19,100,144,1,2019-03-05 21:43:19,R_ROiFfskpZ672N57,,,,,30.2303924560546875,-97.72429656982421875,anonymous,EN,4,NP,1654-7,3,,"4,1",,Stirrup spout bottle with one appliqué (monkey) at the base of the spout. No other decorative elements,2.55,3.5,3.41,15.6,22.8,.35,1,1,1,Safari,12.0.2,Macintosh,1440x900,0.781,27.929,38.67,9
2019-03-05 21:43:24,2019-03-05 21:46:27,0,24.227.222.19,100,183,1,2019-03-05 21:46:28,R_21zjWTf62RQ9uTh,,,,,30.2303924560546875,-97.72429656982421875,anonymous,EN,4,NP,1608-99,3,,"1,2",,"Stirrup spout bottle with wave motif circling the main chamber of the vessel. Two appendages at the base of the neck (non-sculptural) ",3.11,3.0,4.61,14.6,20.8,.43,1,1,1,Safari,12.0.2,Macintosh,1440x900,1.26,27.774,39.435,7
2019-03-05 21:47:07,2019-03-05 21:48:54,0,24.227.222.19,100,107,1,2019-03-05 21:48:55,R_3nqPpkIK6mRrPhK,,,,,30.2303924560546875,-97.72429656982421875,anonymous,EN,4,NP,1608-132,3,,"1,2",,"Stirrup spout bottle, burnished. No sculptural or decorative elements",2.50,4.5,3.28,14.2,22.4,.35,1,1,1,Safari,12.0.2,Macintosh,1440x900,1.276,53.542,55.389,9
2019-03-05 21:49:00,2019-03-05 21:51:14,0,24.227.222.19,100,134,1,2019-03-05 21:51:15,R_3j2Uf94oC3rokyL,,,,,30.2303924560546875,-97.72429656982421875,anonymous,EN,4,NP,1608-57,3,,"4,1,2,5",,Stirrup spout bottle sculpted into cat head. Ears appended to main chamber. One appliqué at the base of the spout,2.87,3.5,3.23,13.6,22.1,.56,1,1,1,Safari,12.0.2,Macintosh,1440x900,1.023,31.702,37.87,9
2019-03-05 21:51:24,2019-03-05 21:53:40,0,24.227.222.19,100,135,1,2019-03-05 21:53:40,R_1gdWmG3IHLn4kIM,,,,,30.2303924560546875,-97.72429656982421875,anonymous,EN,4,NP,1608-65,3,,"4,1,2",,Stirrup spout bottle with gourds decorating the main chamber. Pelican motif across the bottom half of the spout/neck. One appliqué (bird),2.30,3.5,3.28,16.5,26.5,.32,1,1,1,Safari,12.0.2,Macintosh,1440x900,1.379,32.503,43.424,9
2019-03-05 21:53:49,2019-03-05 21:56:51,0,24.227.222.19,100,181,1,2019-03-05 21:56:51,R_TvJSQUXO87p66jL,,,,,30.2303924560546875,-97.72429656982421875,anonymous,EN,4,NP,1608-77,7,,"1,2",,Double chamber vessel with humanistic animal head sculpted on to one of the chambers. Dot and fish on inside and outside of both vessels,2.21,2.0,3.84,22.0,19.1,.35,1,1,1,Safari,12.0.2,Macintosh,1440x900,1.263,29.366,39.739,10
2019-03-05 21:57:22,2019-03-05 21:59:51,0,24.227.222.19,100,148,1,2019-03-05 21:59:51,R_2dSXBSze6kc3qAZ,,,,,30.2303924560546875,-97.72429656982421875,anonymous,EN,4,NP,1608-54,2,,"1,7",,Spout and handle jar with wave motif and dot motif circling the upper half of the vessel. The neck has been sculpted into a bird head,4.03,4.0,3.75,19.6,21.1,.53,1,1,1,Safari,12.0.2,Macintosh,1440x900,1.266,24.972,37.74,9
2019-03-05 22:00:16,2019-03-05 22:02:33,0,24.227.222.19,100,136,1,2019-03-05 22:02:33,R_12xR0Wu3yGpQLtU,,,,,30.2303924560546875,-97.72429656982421875,anonymous,EN,4,NP,1608-75,1,,"1,2",,Neck jar with three faces on the main chamber plus a human figure,7.75,6.0,4.77,21.4,26.1,.63,1,1,1,Safari,12.0.2,Macintosh,1440x900,1.66,31.321,33.397,9
2019-03-05 22:02:42,2019-03-05 22:04:34,0,24.227.222.19,100,111,1,2019-03-05 22:04:34,R_3Q0qqdz8Lezk9rX,,,,,30.2303924560546875,-97.72429656982421875,anonymous,EN,4,NP,1608-139,7,,"1,2,5",,Double chamber vessel. One of the chambers is a bird,2.82,3.0,3.89,23.0,19.0,.49,1,1,1,Safari,12.0.2,Macintosh,1440x900,1.401,31.182,32.685,6
2019-03-05 22:04:41,2019-03-05 22:07:41,0,24.227.222.19,100,179,1,2019-03-05 22:07:41,R_9uxWenh0hIZbNe1,,,,,30.2303924560546875,-97.72429656982421875,anonymous,EN,4,NP,2066-16,7,,"1,2,7",,Double chamber vessel with feline head sculpted on top of one of the chambers. Appears to be holding a box decorated with a line motif. Neck tappers more so than other chamber vessels. The sculptural element is the tallest part of the vessel,1.64,2.5,3.79,26.5,22.4,.31,1,1,1,Safari,12.0.2,Macintosh,1440x900,0.981,35.413,61.659,4
2019-03-05 22:07:47,2019-03-05 22:09:32,0,24.227.222.19,100,104,1,2019-03-05 22:09:32,R_2xVLdI8NGobJhCR,,,,,30.2303924560546875,-97.72429656982421875,anonymous,EN,4,NP,1608-69,7,,"1,2,7",,Double chamber vessel with bird head sculpted on top of one of the chambers,2.57,3.5,3.62,24.8,19.3,.45,1,1,1,Safari,12.0.2,Macintosh,1440x900,0.92,28.931,34.861,6
2019-03-05 22:09:54,2019-03-05 22:11:47,0,24.227.222.19,100,113,1,2019-03-05 22:11:48,R_D0pp33h2OX0JBBv,,,,,30.2303924560546875,-97.72429656982421875,anonymous,EN,4,NP,1608-113,7,,"1,2,7",,Double chamber vessel with animal head sculpted on one of the chambers. Feathers on same chamber,2.68,3.0,3.02,24.6,18.3,.34,1,1,1,Safari,12.0.2,Macintosh,1440x900,5.363,32.677,40.643,6
2019-03-05 22:11:57,2019-03-05 22:14:23,0,24.227.222.19,100,146,1,2019-03-05 22:14:24,R_3ndDmZpDPLXZeTG,,,,,30.2303924560546875,-97.72429656982421875,anonymous,EN,4,NP,143-1,2,,"1,2,5",,Spout and handle jar sculpted as a bird - the head/beak make up the handle. More of a red color than normal black ware,4.03,2.5,2.72,12.5,11.6,.59,1,1,1,Safari,12.0.2,Macintosh,1440x900,1.14,35.239,36.664,9
2019-03-05 22:15:21,2019-03-05 22:17:29,0,24.227.222.19,100,127,1,2019-03-05 22:17:29,R_3PNZdbMddrWdLv6,,,,,30.2303924560546875,-97.72429656982421875,anonymous,EN,4,NP,2058-24,1,,"1,2,5",,Neck jar - 'sex pot' - line and dot motif circles the bottom of the vessel while two figures sculpted on the main chamber,3.02,5.5,2.77,15.1,17.3,.43,1,1,1,Safari,12.0.2,Macintosh,1440x900,1.112,34.455,35.828,7
2019-03-05 22:17:52,2019-03-05 22:19:35,0,24.227.222.19,100,103,1,2019-03-05 22:19:36,R_1rliMiVhLLDMK79,,,,,30.2303924560546875,-97.72429656982421875,anonymous,EN,4,NP,1608-83,1,,"1,2",,Neck jar with human figure with 4 arms holding poles with a dot motif on the main chamber. Hole in the base. Two small handles appended to the main chamber,3.45,4.5,3.28,18.5,19.4,.41,1,1,1,Safari,12.0.2,Macintosh,1440x900,1.001,35.413,38.314,10
2019-03-05 22:19:43,2019-03-05 22:21:11,0,24.227.222.19,100,88,1,2019-03-05 22:21:12,R_1pRJm6lL27Ov5qI,,,,,30.2303924560546875,-97.72429656982421875,anonymous,EN,4,NP,1608-106,1,,"1,2",,"Neck jar, short wide (compressed look); two small handles with holes appended. ",3.74,2.0,3.04,16.9,11.7,.57,1,1,1,Safari,12.0.2,Macintosh,1440x900,1.401,28.285,29.983,5
2019-03-05 22:21:43,2019-03-05 22:24:19,0,24.227.222.19,100,156,1,2019-03-05 22:24:20,R_1N4It6y8La8OPcQ,,,,,30.2303924560546875,-97.72429656982421875,anonymous,EN,4,NP,1608-37,2,,"1,2,3,5",,"Spout and handle jar, monkey face is sculpted on the main chamber. Incised design on the monkeys face to resemble fur",2.60,3.0,3.57,13.1,17.9,.41,1,1,1,Safari,12.0.2,Macintosh,1440x900,1.3,40.916,42.723,7
2019-03-05 22:24:29,2019-03-05 22:25:49,0,24.227.222.19,100,80,1,2019-03-05 22:25:49,R_3CIcTItdiZVzWea,,,,,30.2303924560546875,-97.72429656982421875,anonymous,EN,4,NP,1608-115,1,,"1,2",,"Neck jar, no decorative elements. Burnished.",7.12,4.0,4.61,17.7,22.9,.64,1,1,1,Safari,12.0.2,Macintosh,1440x900,1.14,25.925,37.006,6
2019-03-05 22:25:56,2019-03-05 22:28:53,0,24.227.222.19,100,176,1,2019-03-05 22:28:53,R_2chFiUNoXzUV3pd,,,,,30.2303924560546875,-97.72429656982421875,anonymous,EN,4,NP,2389-44,1,,2,,"Neck jar. Red in color, does not appear to be black ware. A bird has been sculpted into the upper half of the chamber with its head and neck protruding outward. Tail partially broken off",3.95,4.5,3.97,20.7,27.8,.57,1,1,1,Safari,12.0.2,Macintosh,1440x900,1.465,29.47,45.788,5
2019-03-05 22:29:10,2019-03-05 22:30:49,0,24.227.222.19,100,98,1,2019-03-05 22:30:49,R_1OrVaclPlLhVEzT,,,,,30.2303924560546875,-97.72429656982421875,anonymous,EN,4,NP,1608-88,1,,"1,2,7",,Neck jar with two small handles and a sculptural head appended to the main chamber,6.11,2.0,4.27,13.9,13.8,.61,1,1,1,Safari,12.0.2,Macintosh,1440x900,1.254,28.711,31.396,5
2019-03-05 22:30:55,2019-03-05 22:33:45,0,24.227.222.19,100,169,1,2019-03-05 22:33:46,R_3DhA4kUfA1vn8nD,,,,,30.2303924560546875,-97.72429656982421875,anonymous,EN,4,NP,1608-89,2,,"1,2,7",,Spout and handle jar with fish and dot motif circling the upper half of the pot. Orifice wider than most spout and handle jars. Two sculptural handles appended,7.20,1.0,6.55,13.7,15.1,.50,1,1,1,Safari,12.0.2,Macintosh,1440x900,1.13,24.874,33.628,5
2019-03-05 22:33:52,2019-03-05 22:36:15,0,24.227.222.19,100,142,1,2019-03-05 22:36:16,R_27BWxMbIDDlUhav,,,,,30.2303924560546875,-97.72429656982421875,anonymous,EN,4,NP,1608-129,2,,"1,2,7",,"Spout and handle jar with monkey head appended to the main chamber. Monkey arms, legs, tail on main chamber. Dot motif circles the upper half of the vessel. Bottom half burnished",5.80,2.0,4.76,16.9,19.4,.60,1,1,1,Safari,12.0.2,Macintosh,1440x900,1.001,36.77,37.92,4
2019-03-05 22:36:17,2019-03-05 22:38:19,0,24.227.222.19,100,121,1,2019-03-05 22:38:20,R_1dzzKoRDDTr3EjS,,,,,30.2303924560546875,-97.72429656982421875,anonymous,EN,4,NP,1608-52,2,,"1,2,7",,"Spout and handle jar with dot motif circling the upper half of the vessel. A human face is sculpted into the neck ",4.37,3.0,5.39,17.9,22.2,.48,1,1,1,Safari,12.0.2,Macintosh,1440x900,0.926,24.97,37.716,4
2019-03-05 22:38:48,2019-03-05 22:41:15,0,24.227.222.19,100,146,1,2019-03-05 22:41:15,R_VVBuoaf8YseLhKh,,,,,30.2303924560546875,-97.72429656982421875,anonymous,EN,4,NP,1608-110,3,,"4,1,2",,"Stirrup spout bottle with wave and dot motif on the upper half of the main chamber circling the pot. One appliqué at the base of the spout. The base of the pot has a pedestal ",2.63,5.0,3.17,14.5,23.2,.28,1,1,1,Safari,12.0.2,Macintosh,1440x900,1.397,25.932,39.111,5
2019-03-05 22:41:21,2019-03-05 22:44:32,0,24.227.222.19,100,191,1,2019-03-05 22:44:33,R_2dMa9Vv0S65Syrf,,,,,30.2303924560546875,-97.72429656982421875,anonymous,EN,4,NP,1608-51,3,,1,,"Stirrup spout bottle with one handle with a hole at the base of the spout. Dot motif along the neck of the vessel. Previous two appendages on main chamber, one has broken off completely while the other is damaged. ",2.75,4.5,3.32,18.2,23.6,.31,1,1,1,Safari,12.0.2,Macintosh,1440x900,0.578,28.036,29.789,4
2019-03-05 22:44:48,2019-03-05 22:46:55,0,24.227.222.19,100,127,1,2019-03-05 22:46:56,R_1LzpvSal0vPm7I0,,,,,30.2303924560546875,-97.72429656982421875,anonymous,EN,4,NP,1608-85,3,,"4,1,2,7",,Stirrup spout bottle with two appliqués at the base of the spout and two gourd appendages attached at the neck and main chamber,2.55,4.0,2.32,14.7,20.1,.34,1,1,1,Safari,12.0.2,Macintosh,1440x900,1.242,32.385,34.26,5
2019-03-05 22:47:03,2019-03-05 22:49:14,0,24.227.222.19,100,130,1,2019-03-05 22:49:14,R_2coUEJ6LQJNFAHx,,,,,30.2303924560546875,-97.72429656982421875,anonymous,EN,4,NP,1608-112,3,,"1,2,7",,"Stirrup spout bottle with two gourds hanging off neck and attached to main chamber ",2.14,5.0,2.32,14.3,17.2,.26,1,1,1,Safari,12.0.2,Macintosh,1440x900,0.816,27.093,37.24,5
2019-03-05 22:49:21,2019-03-05 22:51:43,0,24.227.222.19,100,142,1,2019-03-05 22:51:44,R_1FED4R3mU2GKvz6,,,,,30.2303924560546875,-97.72429656982421875,anonymous,EN,4,NP,1608-62,3,,"4,1,2",,Stirrup spout bottle with monkey and dot motif circling the upper half of the vessel. One appliqué at base of spout. Two non-sculptural appendages on main chamber,2.67,4.0,2.68,17.1,23.9,.31,1,1,1,Safari,12.0.2,Macintosh,1440x900,1.195,41.916,44.515,5
2019-03-05 22:51:47,2019-03-05 22:54:19,0,24.227.222.19,100,152,1,2019-03-05 22:54:19,R_3EhFelI84H1fotl,,,,,30.2303924560546875,-97.72429656982421875,anonymous,EN,4,NP,1608-104,3,,"4,1,2",,Stirrup spout bottle. Two appliqués at base of spout; 4 figures inlaid in a triangle around the upper half of the vessel. Bottom half burnished. Dot motif behind the figures in the triangles,2.67,4.5,2.73,17.4,24.0,.37,1,1,1,Safari,12.0.2,Macintosh,1440x900,13.271,46.449,48.201,5
2019-03-05 22:54:53,2019-03-05 22:56:23,0,24.227.222.19,100,90,1,2019-03-05 22:56:24,R_1OxUqHpCTPKQkdg,,,,,30.2303924560546875,-97.72429656982421875,anonymous,EN,4,NP,1608-67,3,,"4,1,2",,Stirrup spout with one appliqué attached at bottom of spout,2.67,4.5,3.06,18.2,28.8,.38,1,1,1,Safari,12.0.2,Macintosh,1440x900,1.43,44.594,46.472,7
2019-03-05 22:56:32,2019-03-05 22:58:40,0,24.227.222.19,100,128,1,2019-03-05 22:58:40,R_2wpEqFBXd37M75O,,,,,30.2303924560546875,-97.72429656982421875,anonymous,EN,4,NP,1608-103,1,,"1,2,7",,"Neck jar, not typical shape, more of a long oval with the neck shaped into the head of a cat with the orifice being the cats mouth. One circle on each side of the neck bottom",5.40,1.0,4.20,25.2,19.3,.59,1,1,1,Safari,12.0.2,Macintosh,1440x900,1.079,34.03,36.388,4
2019-03-06 11:57:24,2019-03-06 12:00:19,0,24.227.222.19,100,174,1,2019-03-06 12:00:20,R_Rk2z8VUnIG7Z3Y5,,,,,30.2303924560546875,-97.72429656982421875,anonymous,EN,4,NP,1608-50,1,,"1,2,7",,Neck Jar - meant to look like a human. Head/face is sculpted into the neck of the vessel while the body is sculpted on the main chamber (female?). Thick indented lines wrap around the back of the vessel.,9.27,3.0,5.35,18.0,27.9,.70,1,1,1,Safari,12.0.2,Macintosh,1440x900,1.155,31.893,48.202,8
2019-03-06 12:00:36,2019-03-06 12:02:26,0,24.227.222.19,100,110,1,2019-03-06 12:02:26,R_Q3Wi0LS5eMr5wT7,,,,,30.2303924560546875,-97.72429656982421875,anonymous,EN,4,NP,1608-102,1,,"1,2",,Neck jar with lines extending from the bottom of neck to the base. Between the lines is a dot motif while other sections are burnished,6.26,2.0,4.58,15.6,23.7,.58,1,1,1,Safari,12.0.2,Macintosh,1440x900,1.301,31.124,48.062,5
2019-03-06 12:02:28,2019-03-06 12:08:22,0,24.227.222.19,100,353,1,2019-03-06 12:08:22,R_12srSYLPy2J21e4,,,,,30.2303924560546875,-97.72429656982421875,anonymous,EN,4,NP,1608-44,2,,"4,1,2",,Spout and handle jar with human figure on the front of the vessel and large circle on back. Dot motif covers 3/4 of the vessel. Bird appliqué on the right side of the neck,3.21,5.5,3.53,18.1,24.0,.41,1,1,1,Safari,12.0.2,Macintosh,1440x900,1.196,71.967,81.181,4
2019-03-06 12:08:33,2019-03-06 12:10:00,0,24.227.222.19,100,87,1,2019-03-06 12:10:00,R_2xR9XyHKU6azrkX,,,,,30.2303924560546875,-97.72429656982421875,anonymous,EN,4,NP,1608-84,2,,"1,2,7",,Spout and handle jar with animal head appended to the main chamber,3.02,4.0,3.89,13.3,16.9,.47,1,1,1,Safari,12.0.2,Macintosh,1440x900,1.082,21.5,29.191,4
2019-03-06 12:10:07,2019-03-06 12:12:18,0,24.227.222.19,100,130,1,2019-03-06 12:12:19,R_2agm5BBU4udNgqq,,,,,30.2303924560546875,-97.72429656982421875,anonymous,EN,4,NP,2482-35,7,,"1,2,5",,"Double chamber vessel, one chamber sculpted into a deer head and the other chamber has a thick line motif on the main chamber",3.38,1.0,3.08,15.1,15.0,.39,1,1,1,Safari,12.0.2,Macintosh,1440x900,0.971,38.262,40.001,5
2019-03-06 12:12:23,2019-03-06 12:14:14,0,24.227.222.19,100,110,1,2019-03-06 12:14:14,R_2SHzNAJpNcCx0Gg,,,,,30.2303924560546875,-97.72429656982421875,anonymous,EN,4,NP,2066-15,2,,"1,2",,Spout and handle jar. Upper 1/4 of vessel has a wave motif circling the pot as well as a dot motif,5.34,3.5,4.22,11.5,17.4,.52,1,1,1,Safari,12.0.2,Macintosh,1440x900,1.15,22.107,29.301,4
2019-03-06 12:14:31,2019-03-06 12:18:04,0,24.227.222.19,100,213,1,2019-03-06 12:18:04,R_1mxT8qMfx0KpKTj,,,,,30.2303924560546875,-97.72429656982421875,anonymous,EN,4,NP,1608-74,2,,"4,1,2",,"Spout and handle jar: not typical style, has a separate base that has a geometric motif. Neck is also much wider at the base and narrows significantly toward the spout. The handle is exaggerated. A monkey has been appended to the base of the neck",2.06,6.0,5.63,15.1,24.7,.50,1,1,1,Safari,12.0.2,Macintosh,1440x900,1.1,26.684,28.611,4
2019-03-06 12:18:06,2019-03-06 12:20:00,0,24.227.222.19,100,114,1,2019-03-06 12:20:01,R_30iAM5ZsAPytlar,,,,,30.2303924560546875,-97.72429656982421875,anonymous,EN,4,NP,1608-120,2,,"1,2,7",,Spout and handle jar with feline head appended to main chamber,2.71,3.0,3.18,16.2,14.2,.34,1,1,1,Safari,12.0.2,Macintosh,1440x900,1.262,26.113,27.866,4
2019-03-06 12:20:05,2019-03-06 12:27:36,0,24.227.222.19,100,451,1,2019-03-06 12:27:37,R_10wLPdDakUirneu,,,,,30.2303924560546875,-97.72429656982421875,anonymous,EN,4,NP,1608-92,2,,"1,7",,Spout and handle jar of a human. The head is sculpted into the neck. Arms wrap around the main chamber and appear to hold an instrument in the center. Dot motif on upper half of the vessel on both the front and back,4.98,3.5,5.39,10.7,14.3,.59,1,1,1,Safari,12.0.2,Macintosh,1440x900,1.049,36.484,37.883,5
2019-03-06 12:27:39,2019-03-06 12:29:41,0,24.227.222.19,100,122,1,2019-03-06 12:29:42,R_2BfgK61kYAtrjHO,,,,,30.2303924560546875,-97.72429656982421875,anonymous,EN,4,NP,1608-39,2,,1,,Spout and handle jar with handle broken off. Monkey on main chamber with a dot motif on both the front and back of the pot,3.05,2.5,3.72,12.1,16.2,.52,1,1,1,Safari,12.0.2,Macintosh,1440x900,0.681,35.656,37.645,6
2019-03-06 12:29:53,2019-03-06 12:32:07,0,24.227.222.19,100,134,1,2019-03-06 12:32:08,R_1pYEiLzElMI55Ji,,,,,30.2303924560546875,-97.72429656982421875,anonymous,EN,4,NP,2066-14,2,,"1,2,7",,"Spout and handle jar with animal head appended to the main chamber. Tail, arms and legs part of main chamber.",3.10,4.5,3.92,14.3,19.2,.34,1,1,1,Safari,12.0.2,Macintosh,1440x900,1.101,41.907,43.901,4
2019-03-06 12:32:10,2019-03-06 12:35:11,0,24.227.222.19,100,181,1,2019-03-06 12:35:12,R_31yAOstOcQoRdgK,,,,,30.2303924560546875,-97.72429656982421875,anonymous,EN,4,NP,1608-73,2,,"1,2,3,7",,Spout and handle jar with head sculpted in the neck with arms extending onto the main chamber. Upper half of the main chamber decorated with a dot motif. Four lines incised on to the handle,4.32,2.0,5.83,18.3,23.2,.54,1,1,1,Safari,12.0.2,Macintosh,1440x900,1.149,38.552,40.501,4
2019-03-06 12:35:17,2019-03-06 12:37:35,0,24.227.222.19,100,138,1,2019-03-06 12:37:36,R_3lVmzq6sgDhJ7wn,,,,,30.2303924560546875,-97.72429656982421875,anonymous,EN,4,NP,1608-60,2,,"1,2,7",,Spout and handle jar. The handle has been sculpturally braided. Monkey head has been appended to the main chamber with the body extending outward on chamber,4.49,3.0,4.20,13.3,16.8,.56,1,1,1,Safari,12.0.2,Macintosh,1440x900,0.694,28.248,42.669,5
2019-03-06 12:37:41,2019-03-06 12:39:28,0,24.227.222.19,100,106,1,2019-03-06 12:39:28,R_2QLEcGJJSm9gbcK,,,,,30.2303924560546875,-97.72429656982421875,anonymous,EN,4,NP,1608-131,2,,"1,7",,Spout and handle jar with appended monkey head on main chamber. Thick lines sculpted from the neck to the base and evenly spaced. Dot motif on entire pot,4.74,3.5,4.32,20.0,25.7,.53,1,1,1,Safari,12.0.2,Macintosh,1440x900,1.019,34.905,36.777,4
2019-03-06 12:40:00,2019-03-06 12:42:12,0,24.227.222.19,100,132,1,2019-03-06 12:42:13,R_e5MtzYr56vNjsdP,,,,,30.2303924560546875,-97.72429656982421875,anonymous,EN,4,NP,1608-80,1,,"1,2,3,7",,Neck jar with animal head appended to the main chamber. Incised lines on the animal head only. Rim has several pieces missing,6.64,3.5,4.99,24.1,23.3,.61,1,1,1,Safari,12.0.2,Macintosh,1440x900,4.663,38.12,45.478,6
2019-03-06 12:42:21,2019-03-06 12:44:55,0,24.227.222.19,100,154,1,2019-03-06 12:44:56,R_becCaDQwGdY9P9f,,,,,30.2303924560546875,-97.72429656982421875,anonymous,EN,4,NP,1608-48,2,,"1,2,7",,Spout and handle jar - highly decorated. Monkey head appended to the main chamber with the body of the monkey wrapping around the neck of the jar. Line and dot motif along the upper half of the pot with a wave motif circling the belly,2.52,3.5,3.20,14.8,17.2,.30,1,1,1,Safari,12.0.2,Macintosh,1440x900,3.356,32.724,39.232,4
2019-03-06 12:45:01,2019-03-06 12:47:04,0,24.227.222.19,100,123,1,2019-03-06 12:47:05,R_3qChEezezYcF1JO,,,,,30.2303924560546875,-97.72429656982421875,anonymous,EN,4,NP,1608-81,2,,"1,2,7",,Spout and handle jar with dot and wave motif on the upper half of the vessel. Face sculpted into the bottom of the neck,2.7,2.5,3.22,11.2,16.0,.32,1,1,1,Safari,12.0.2,Macintosh,1440x900,1.121,27.143,28.411,5
2019-03-06 12:47:17,2019-03-06 12:50:07,0,24.227.222.19,100,169,1,2019-03-06 12:50:07,R_2f9jvWiGD0Id8pi,,,,,30.2303924560546875,-97.72429656982421875,anonymous,EN,4,NP,1608-53,2,,"1,2,7",,Spout and handle har - fish head and tail appended to the main chamber around the upper portion of the vessel. Series of dots on both sides of the vessel above the fish sculpture,6.17,4.5,3.48,15.6,16.5,.54,1,1,1,Safari,12.0.2,Macintosh,1440x900,0.949,28.116,29.801,6
2019-03-06 12:50:27,2019-03-06 12:52:09,0,24.227.222.19,100,101,1,2019-03-06 12:52:09,R_Uovuu0kABpuvCQF,,,,,30.2303924560546875,-97.72429656982421875,anonymous,EN,4,NP,1608-86,1,,"1,2,7",,Neck jar with monkey head and tail appended to the main chamber. Large lip on top of the neck,6.64,3.5,3.84,26.0,17.0,.86,1,1,1,Safari,12.0.2,Macintosh,1440x900,0.937,22.802,31.501,4
2019-03-06 12:52:14,2019-03-06 12:54:20,0,24.227.222.19,100,126,1,2019-03-06 12:54:21,R_2PpT5wr2R4gWebX,,,,,30.2303924560546875,-97.72429656982421875,anonymous,EN,4,NP,1608-118,1,,"1,5",,Neck jar but not typical. Main chamber sculpted into an animal laying on its side. The neck is stunted and orifice is much wider than usual. Base is rounded but not as pointed as aryballos,8.95,6.5,9.13,25.4,10.9,.55,1,1,1,Safari,12.0.2,Macintosh,1440x900,1.101,23.327,35.282,4
2019-03-06 12:54:43,2019-03-06 12:56:25,0,24.227.222.19,100,101,1,2019-03-06 12:56:25,R_1jD7FNlbDVqXv2t,,,,,30.2303924560546875,-97.72429656982421875,anonymous,EN,4,NP,1608-125,1,,"1,2,7",,Neck jar with feline head appended to the main chamber while the body is sculpted on the chamber surrounding the neck,7.56,3.8,5.09,16.5,19.8,.78,1,1,1,Safari,12.0.2,Macintosh,1440x900,0.971,26.523,38.452,5
2019-03-06 12:56:30,2019-03-06 12:57:52,0,24.227.222.19,100,81,1,2019-03-06 12:57:53,R_dbwqdDRaiVTRp7z,,,,,30.2303924560546875,-97.72429656982421875,anonymous,EN,4,NP,1608-124,1,,"1,2,7",,Neck jar with feline head appended to the main chamber and body circling the neck.,8.22,4.4,6.18,16.6,20.0,.71,1,1,1,Safari,12.0.2,Macintosh,1440x900,1.154,21.778,31.39,5
2019-03-06 12:57:57,2019-03-06 12:59:38,0,24.227.222.19,100,101,1,2019-03-06 12:59:39,R_T0NcIYh7whQ3NW9,,,,,30.2303924560546875,-97.72429656982421875,anonymous,EN,4,NP,1608-76,1,,"1,2",,"Neck jar with three small faces above a sculpture of a human in dress regalia. The bodies of the three faces extend to the back of the vessel with the middle faces body wrapped around the neck. Chip on rim. ",6.77,5.0,5.28,16.8,22.4,.55,1,1,1,Safari,12.0.2,Macintosh,1440x900,0.937,24.358,26.383,4
2019-03-06 12:59:52,2019-03-06 13:01:43,0,24.227.222.19,100,111,1,2019-03-06 13:01:44,R_2w0JiJqergM5bSt,,,,,30.2303924560546875,-97.72429656982421875,anonymous,EN,4,Allysa Garza,1608-122,1,,"1,2,7",,"Neck jar with minimal decoration. Feline head appended to the main chamber with body extending from it. ",6.5,5.2,4.1,19.2,21.9,.57,1,1,1,Safari,12.0.2,Macintosh,1440x900,0.901,25.101,26.801,4
2019-03-06 13:01:51,2019-03-06 13:03:26,0,24.227.222.19,100,95,1,2019-03-06 13:03:27,R_1KqFSVPZnC0PcKZ,,,,,30.2303924560546875,-97.72429656982421875,anonymous,EN,4,Austin Burton,1604-5,1,,"1,2,5,7",,Sex pot sculpture on main chamber/neck with a sculptural gourd on top as part of the neck,5.71,3.0,4.84,16.7,28.9,.97,1,1,1,Safari,12.0.2,Macintosh,1440x900,1.46,19.456,28.796,4
2019-03-06 13:03:33,2019-03-06 13:05:26,0,24.227.222.19,100,112,1,2019-03-06 13:05:26,R_2qg6hayFU1z8YZ7,,,,,30.2303924560546875,-97.72429656982421875,anonymous,EN,4,Mark Cahill,1608-71,5,,"1,2,7",,Aryballos with human head as part of the neck and arms sculpted to main chamber. Two handles appended to the main chamber. Hump on the back of the main chamber,5.0,1.0,5.0,17.9,21.5,.55,1,1,1,Safari,12.0.2,Macintosh,1440x900,0.988,23.746,34.55,4
2019-03-06 13:05:32,2019-03-06 13:07:10,0,24.227.222.19,100,97,1,2019-03-06 13:07:10,R_3EW2s3j9eFW54UC,,,,,30.2303924560546875,-97.72429656982421875,anonymous,EN,4,Mark Cahill,1608-116,3,,"4,1,2",,Stirrup spout bottle with appliqués at the base of the neck handles. Large hole and other cracks.,4.1,3.0,2.8,15.9,23.1,1.1,1,1,1,Safari,12.0.2,Macintosh,1440x900,1.494,18.089,27.041,4
2019-03-06 13:07:15,2019-03-06 13:10:41,0,24.227.222.19,100,205,1,2019-03-06 13:10:41,R_1n8CjvUfP0Vju9D,,,,,30.2303924560546875,-97.72429656982421875,anonymous,EN,4,Jose Urins,1608-82,1,,"1,2,7",,"There is a protruding head of an animal on the outer side of the belly and a tail on the other end, as well as appendages on either side",6.8,3.0,5.1,25.4,18.0,.63,1,1,1,Safari,12.0.2,Macintosh,1440x900,1.788,122.134,132.684,8
2019-03-06 13:11:22,2019-03-06 13:13:07,0,24.227.222.19,100,105,1,2019-03-06 13:13:08,R_3Gktse12fmJ70Tb,,,,,30.2303924560546875,-97.72429656982421875,anonymous,EN,4,Jiseong Han,1608-101,1,,"1,2,5",,"Neck jar. Gourd shaped as main chamber, comes to a point on two sides. Small hole on the main body",5.48,1.5,3.63,15.9,17.5,1.3,1,1,1,Safari,12.0.2,Macintosh,1440x900,0.896,32.151,33.481,4
2019-03-06 13:13:14,2019-03-06 13:15:01,0,24.227.222.19,100,107,1,2019-03-06 13:15:02,R_UoKfm8SrjQ7MVfH,,,,,30.2303924560546875,-97.72429656982421875,anonymous,EN,4,NP,1608-100,4,,"1,2",,"Flask that is circular and flat with wide opening and two small handles appended near the neck. ",6.1,3.0,4.58,16.3,21.0,.99,1,1,1,Safari,12.0.2,Macintosh,1440x900,0.945,24.899,26.683,4
2019-03-06 13:15:13,2019-03-06 13:16:50,0,24.227.222.19,100,97,1,2019-03-06 13:16:51,R_VVefl6quy5YVnOh,,,,,30.2303924560546875,-97.72429656982421875,anonymous,EN,4,Cheryl Giutierrez,1608-70,1,,"1,2,5",,Lizard/ cat face with big ears sculpted as the main chamber,9.6,4.5,7.83,13.5,20.2,.79,1,1,1,Safari,12.0.2,Macintosh,1440x900,0.959,27.503,29.8,4
2019-03-06 13:16:52,2019-03-06 13:18:59,0,24.227.222.19,100,126,1,2019-03-06 13:18:59,R_DBF0lVy5MhMdzbP,,,,,30.2303924560546875,-97.72429656982421875,anonymous,EN,4,NP,1608-68,1,,"1,2",,Neck jar with oval base. Face of pig (?) on half of the main chamber and sculpted into the jar. Paper scraps on the inside. Large crack running though the center,8.21,2.5,6.05,25.2,25.4,.68,1,1,1,Safari,12.0.2,Macintosh,1440x900,1.258,23.5,31.157,7
2019-03-06 13:19:07,2019-03-06 13:21:02,0,24.227.222.19,100,114,1,2019-03-06 13:21:03,R_3PGYlBRIjiYWFux,,,,,30.2303924560546875,-97.72429656982421875,anonymous,EN,4,Augustine Mattle,1608-128,1,,"1,2,7",,Neck jar. Animal head appended to the main chamber near the neck,5.0,4.0,3.14,16.7,19.8,1.3,1,1,1,Safari,12.0.2,Macintosh,1440x900,2.028,31.184,32.843,4
2019-03-06 13:21:07,2019-03-06 13:23:13,0,24.227.222.19,100,126,1,2019-03-06 13:23:14,R_3M9yA71isT5d49X,,,,,30.2303924560546875,-97.72429656982421875,anonymous,EN,4,Jose Urins,1608-46,1,,"1,2,7",,Neck jar with frog head appended to the main chamber and legs sculpted toward the back of chamber,7.6,4.0,5.1,18.4,22.5,.60,1,1,1,Safari,12.0.2,Macintosh,1440x900,1.001,38.741,40.296,5
2019-03-06 13:23:16,2019-03-06 13:25:26,0,24.227.222.19,100,129,1,2019-03-06 13:25:26,R_2RUEDOabzHnUz0i,,,,,30.2303924560546875,-97.72429656982421875,anonymous,EN,4,Allysa Garza,1608-121,2,,"1,2,7",,"Spout and handle jar with two horns appended to the main chamber near the neck. Cross stitch pattern on main chamber, upper half only",9.05,2.5,5.29,19.4,23.9,.55,1,1,1,Safari,12.0.2,Macintosh,1440x900,0.963,29.839,30.888,4
2019-03-06 13:26:33,2019-03-06 13:28:15,0,24.227.222.19,100,101,1,2019-03-06 13:28:16,R_1FywqPo7P76TAg1,,,,,30.2303924560546875,-97.72429656982421875,anonymous,EN,4,Sara Stevens,1608-93,1,,"1,2,7",,Neck jar with animal head appended to the main chamber,7.79,4.0,5.65,20.9,26.0,.68,1,1,1,Safari,12.0.2,Macintosh,1440x900,0.973,33.846,35.824,4
2019-03-06 13:28:20,2019-03-06 13:29:53,0,24.227.222.19,100,92,1,2019-03-06 13:29:54,R_1DYlRggKVkKfvBx,,,,,30.2303924560546875,-97.72429656982421875,anonymous,EN,4,Mark Cahill,1608-126,1,,"1,2,7",,Neck jar with monkey sculpted into the neck,5.17,4.0,4.74,17.9,24.8,.61,1,1,1,Safari,12.0.2,Macintosh,1440x900,0.82,26.202,28.001,4
2019-03-06 13:29:58,2019-03-06 13:31:27,0,24.227.222.19,100,88,1,2019-03-06 13:31:27,R_1hMEbm8L5xjPuG0,,,,,30.2303924560546875,-97.72429656982421875,anonymous,EN,4,Dylan Zisman,1608-140,1,,"1,2,7",,Neck jar with monkey sculpted into the neck,5.32,3.2,5.15,17.3,22.1,.51,1,1,1,Safari,12.0.2,Macintosh,1440x900,1.219,31.545,33.114,4
2019-03-06 13:31:33,2019-03-06 13:32:56,0,24.227.222.19,100,82,1,2019-03-06 13:32:56,R_8FV6AQ9vROStIIh,,,,,30.2303924560546875,-97.72429656982421875,anonymous,EN,4,NP,1608-49,1,,"1,2,7",,"Neck jar with monkey head protruding near the base of the neck, feet/tail on opposite side",4.91,3.5,3.68,14.1,16.4,.49,1,1,1,Safari,12.0.2,Macintosh,1440x900,0.872,27.501,29.501,5
2019-03-06 13:33:02,2019-03-06 13:35:00,0,24.227.222.19,100,118,1,2019-03-06 13:35:00,R_3Hk6owa3hoUAqmF,,,,,30.2303924560546875,-97.72429656982421875,anonymous,EN,4,Dylan Zisman,2482-33,3,,"4,1,2",,"Stirrup spout bottle, bird motif with dots on upper half of main chamber. Bottom half burnished",2.63,3.0,2.71,12.5,21.5,.33,1,1,1,Safari,12.0.2,Macintosh,1440x900,1.136,26.841,28.776,4
2019-03-06 13:37:32,2019-03-06 13:49:35,0,24.227.222.19,100,722,1,2019-03-06 13:49:36,R_3oZRDFY5fvzk7f5,,,,,30.2303924560546875,-97.72429656982421875,anonymous,EN,4,NP,NoAcc1,2,,"1,2,5",,Small spout and handle jar with main chamber sculpted into a fish,2.34,2.0,2.51,11.4,12.4,.38,1,1,1,Safari,12.0.2,Macintosh,1440x900,1.097,20.668,34.237,4
2019-03-06 13:49:41,2019-03-06 13:50:56,0,24.227.222.19,100,75,1,2019-03-06 13:50:57,R_21FLVgJTOhAbuyT,,,,,30.2303924560546875,-97.72429656982421875,anonymous,EN,4,NP,NoAcc2,5,,"1,2",,Aryballos with three human figures holding hands with a dot motif on the front of the vessel,6.89,1.0,4.17,19.4,19.0,.65,1,1,1,Safari,12.0.2,Macintosh,1440x900,0.938,16.862,22.224,4
2019-03-06 13:51:03,2019-03-06 13:52:09,0,24.227.222.19,100,66,1,2019-03-06 13:52:10,R_2Tn6NxvEI6WrleR,,,,,30.2303924560546875,-97.72429656982421875,anonymous,EN,4,NP,NoAcc3,2,,"1,2",,Spout and handle jar with animal face on the front of the vessel,9.62,4.5,4.88,18.8,22.9,.85,1,1,1,Safari,12.0.2,Macintosh,1440x900,0.938,24.51,26.075,5
2019-03-06 13:52:27,2019-03-06 13:54:17,0,24.227.222.19,100,109,1,2019-03-06 13:54:17,R_1N37XKZtAAEgaMk,,,,,30.2303924560546875,-97.72429656982421875,anonymous,EN,4,NP,NoAcc4,3,,"4,1,2",,"Stirrup spout bottle with crab and dot motif circling the upper half of the vessel. Two bird appliqués at the base of the neck, and one appliqué at the base of the spout. Crack running along the main chamber",3.90,4.5,2.96,21.6,29.4,.60,1,1,1,Safari,12.0.2,Macintosh,1440x900,0.788,28.965,31.148,4
